{
    "name": "Reference Mainstem Tiles",
    "description": "United States community contributed reference Mainstem Rivers",
    "version": "2",
    "minzoom": "0",
    "maxzoom": "10",
    "center": "-94.042969,43.961056,10",
    "bounds": "-124.707777,25.190876,-67.058240,49.376613",
    "antimeridian_adjusted_bounds": "-124.707777,25.190876,-67.058240,49.376613",
    "type": "overlay",
    "tippecanoe_decisions": "{\"basezoom\":10,\"droprate\":1,\"retain_points_multiplier\":1}",
    "format": "pbf",
    "generator": "tippecanoe v2.53.0",
    "generator_options": "tippecanoe -r1 -pk -pf '--output-to-directory=/data/tiles/' --force '--maximum-zoom=10' --extend-zooms-if-still-dropping --no-tile-compression --coalesce /data/mainstems.geojson",
    "json": "{\"vector_layers\":[{\"id\":\"mainstems\",\"description\":\"\",\"minzoom\":0,\"maxzoom\":10,\"fields\":{\"downstream_mainstem_id\":\"String\",\"encompassing_mainstem_basins\":\"String\",\"featuretype\":\"String\",\"head_2020HUC12\":\"String\",\"head_nhdpv1_COMID\":\"Number\",\"head_nhdpv2HUC12\":\"String\",\"head_nhdpv2_COMID\":\"String\",\"head_rf1ID\":\"Number\",\"id\":\"String\",\"lengthkm\":\"Number\",\"name_at_outlet\":\"String\",\"name_at_outlet_gnis_id\":\"Number\",\"new_mainstemid\":\"String\",\"outlet_2020HUC12\":\"String\",\"outlet_drainagearea_sqkm\":\"Number\",\"outlet_nhdpv1_COMID\":\"Number\",\"outlet_nhdpv2HUC12\":\"String\",\"outlet_nhdpv2_COMID\":\"String\",\"outlet_rf1ID\":\"Number\",\"superseded\":\"Boolean\",\"uri\":\"String\"}}],\"tilestats\":{\"layerCount\":1,\"layers\":[{\"layer\":\"mainstems\",\"count\":34082,\"geometry\":\"LineString\",\"attributeCount\":21,\"attributes\":[{\"attribute\":\"downstream_mainstem_id\",\"count\":1000,\"type\":\"string\",\"values\":[\"\",\"https://geoconnex.us/ref/mainstems/1\",\"https://geoconnex.us/ref/mainstems/1060256\",\"https://geoconnex.us/ref/mainstems/1071060\",\"https://geoconnex.us/ref/mainstems/1136217\",\"https://geoconnex.us/ref/mainstems/1136389\",\"https://geoconnex.us/ref/mainstems/1142469\",\"https://geoconnex.us/ref/mainstems/1142533\",\"https://geoconnex.us/ref/mainstems/1142820\",\"https://geoconnex.us/ref/mainstems/1142834\",\"https://geoconnex.us/ref/mainstems/1212\",\"https://geoconnex.us/ref/mainstems/1212103\",\"https://geoconnex.us/ref/mainstems/1235\",\"https://geoconnex.us/ref/mainstems/1237050\",\"https://geoconnex.us/ref/mainstems/1237444\",\"https://geoconnex.us/ref/mainstems/1259\",\"https://geoconnex.us/ref/mainstems/1278074\",\"https://geoconnex.us/ref/mainstems/1286227\",\"https://geoconnex.us/ref/mainstems/1293138\",\"https://geoconnex.us/ref/mainstems/129846\",\"https://geoconnex.us/ref/mainstems/1313576\",\"https://geoconnex.us/ref/mainstems/1317790\",\"https://geoconnex.us/ref/mainstems/1319565\",\"https://geoconnex.us/ref/mainstems/1321534\",\"https://geoconnex.us/ref/mainstems/1327385\",\"https://geoconnex.us/ref/mainstems/1330470\",\"https://geoconnex.us/ref/mainstems/1331584\",\"https://geoconnex.us/ref/mainstems/1331812\",\"https://geoconnex.us/ref/mainstems/1331830\",\"https://geoconnex.us/ref/mainstems/1332089\",\"https://geoconnex.us/ref/mainstems/1335360\",\"https://geoconnex.us/ref/mainstems/1335366\",\"https://geoconnex.us/ref/mainstems/135027\",\"https://geoconnex.us/ref/mainstems/1355710\",\"https://geoconnex.us/ref/mainstems/1355883\",\"https://geoconnex.us/ref/mainstems/1361329\",\"https://geoconnex.us/ref/mainstems/1361404\",\"https://geoconnex.us/ref/mainstems/140737\",\"https://geoconnex.us/ref/mainstems/1412716\",\"https://geoconnex.us/ref/mainstems/1412769\",\"https://geoconnex.us/ref/mainstems/1413415\",\"https://geoconnex.us/ref/mainstems/1423587\",\"https://geoconnex.us/ref/mainstems/1423796\",\"https://geoconnex.us/ref/mainstems/1424874\",\"https://geoconnex.us/ref/mainstems/1425718\",\"https://geoconnex.us/ref/mainstems/1425747\",\"https://geoconnex.us/ref/mainstems/1426030\",\"https://geoconnex.us/ref/mainstems/1426120\",\"https://geoconnex.us/ref/mainstems/1426140\",\"https://geoconnex.us/ref/mainstems/1426191\",\"https://geoconnex.us/ref/mainstems/1426261\",\"https://geoconnex.us/ref/mainstems/1426357\",\"https://geoconnex.us/ref/mainstems/1426393\",\"https://geoconnex.us/ref/mainstems/1427189\",\"https://geoconnex.us/ref/mainstems/1427244\",\"https://geoconnex.us/ref/mainstems/1427431\",\"https://geoconnex.us/ref/mainstems/1427572\",\"https://geoconnex.us/ref/mainstems/1427660\",\"https://geoconnex.us/ref/mainstems/1427700\",\"https://geoconnex.us/ref/mainstems/1427794\",\"https://geoconnex.us/ref/mainstems/1427912\",\"https://geoconnex.us/ref/mainstems/1428082\",\"https://geoconnex.us/ref/mainstems/1428297\",\"https://geoconnex.us/ref/mainstems/1428305\",\"https://geoconnex.us/ref/mainstems/1428490\",\"https://geoconnex.us/ref/mainstems/1428723\",\"https://geoconnex.us/ref/mainstems/1428937\",\"https://geoconnex.us/ref/mainstems/1428973\",\"https://geoconnex.us/ref/mainstems/1429069\",\"https://geoconnex.us/ref/mainstems/1429091\",\"https://geoconnex.us/ref/mainstems/1429329\",\"https://geoconnex.us/ref/mainstems/1429382\",\"https://geoconnex.us/ref/mainstems/1429404\",\"https://geoconnex.us/ref/mainstems/1429417\",\"https://geoconnex.us/ref/mainstems/1429483\",\"https://geoconnex.us/ref/mainstems/1429513\",\"https://geoconnex.us/ref/mainstems/1429533\",\"https://geoconnex.us/ref/mainstems/1429562\",\"https://geoconnex.us/ref/mainstems/1429668\",\"https://geoconnex.us/ref/mainstems/1429779\",\"https://geoconnex.us/ref/mainstems/1429859\",\"https://geoconnex.us/ref/mainstems/1429984\",\"https://geoconnex.us/ref/mainstems/1430048\",\"https://geoconnex.us/ref/mainstems/1430123\",\"https://geoconnex.us/ref/mainstems/1430223\",\"https://geoconnex.us/ref/mainstems/1430234\",\"https://geoconnex.us/ref/mainstems/1430237\",\"https://geoconnex.us/ref/mainstems/1430304\",\"https://geoconnex.us/ref/mainstems/1430334\",\"https://geoconnex.us/ref/mainstems/1430483\",\"https://geoconnex.us/ref/mainstems/1430781\",\"https://geoconnex.us/ref/mainstems/1430786\",\"https://geoconnex.us/ref/mainstems/1430863\",\"https://geoconnex.us/ref/mainstems/1430973\",\"https://geoconnex.us/ref/mainstems/1431155\",\"https://geoconnex.us/ref/mainstems/1431258\",\"https://geoconnex.us/ref/mainstems/1431285\",\"https://geoconnex.us/ref/mainstems/1431332\",\"https://geoconnex.us/ref/mainstems/1431346\",\"https://geoconnex.us/ref/mainstems/1431368\"]},{\"attribute\":\"encompassing_mainstem_basins\",\"count\":1000,\"type\":\"string\",\"values\":[\"\",\"[\\\"https://geoconnex.us/ref/mainstems/1\\\"]\",\"[\\\"https://geoconnex.us/ref/mainstems/1060256\\\",\\\"https://geoconnex.us/ref/mainstems/312532\\\",\\\"https://geoconnex.us/ref/mainstems/312091\\\"]\",\"[\\\"https://geoconnex.us/ref/mainstems/1071060\\\",\\\"https://geoconnex.us/ref/mainstems/520332\\\",\\\"https://geoconnex.us/ref/mainstems/316001\\\",\\\"https://geoconnex.us/ref/mainstems/312532\\\",\\\"https://geoconnex.us/ref/mainstems/312091\\\"]\",\"[\\\"https://geoconnex.us/ref/mainstems/1136217\\\",\\\"https://geoconnex.us/ref/mainstems/314333\\\",\\\"https://geoconnex.us/ref/mainstems/313255\\\",\\\"https://geoconnex.us/ref/mainstems/312532\\\",\\\"https://geoconnex.us/ref/mainstems/312091\\\"]\",\"[\\\"https://geoconnex.us/ref/mainstems/1142469\\\",\\\"https://geoconnex.us/ref/mainstems/313255\\\",\\\"https://geoconnex.us/ref/mainstems/312532\\\",\\\"https://geoconnex.us/ref/mainstems/312091\\\"]\",\"[\\\"https://geoconnex.us/ref/mainstems/1142533\\\",\\\"https://geoconnex.us/ref/mainstems/1142469\\\",\\\"https://geoconnex.us/ref/mainstems/313255\\\",\\\"https://geoconnex.us/ref/mainstems/312532\\\",\\\"https://geoconnex.us/ref/mainstems/312091\\\"]\",\"[\\\"https://geoconnex.us/ref/mainstems/1142820\\\",\\\"https://geoconnex.us/ref/mainstems/313255\\\",\\\"https://geoconnex.us/ref/mainstems/312532\\\",\\\"https://geoconnex.us/ref/mainstems/312091\\\"]\",\"[\\\"https://geoconnex.us/ref/mainstems/1142834\\\",\\\"https://geoconnex.us/ref/mainstems/1142820\\\",\\\"https://geoconnex.us/ref/mainstems/313255\\\",\\\"https://geoconnex.us/ref/mainstems/312532\\\",\\\"https://geoconnex.us/ref/mainstems/312091\\\"]\",\"[\\\"https://geoconnex.us/ref/mainstems/1212\\\",\\\"https://geoconnex.us/ref/mainstems/1\\\"]\",\"[\\\"https://geoconnex.us/ref/mainstems/1212103\\\",\\\"https://geoconnex.us/ref/mainstems/324005\\\",\\\"https://geoconnex.us/ref/mainstems/312091\\\"]\",\"[\\\"https://geoconnex.us/ref/mainstems/1235\\\",\\\"https://geoconnex.us/ref/mainstems/602\\\",\\\"https://geoconnex.us/ref/mainstems/1\\\"]\",\"[\\\"https://geoconnex.us/ref/mainstems/1237050\\\",\\\"https://geoconnex.us/ref/mainstems/321168\\\",\\\"https://geoconnex.us/ref/mainstems/312091\\\"]\",\"[\\\"https://geoconnex.us/ref/mainstems/1237444\\\",\\\"https://geoconnex.us/ref/mainstems/1237050\\\",\\\"https://geoconnex.us/ref/mainstems/321168\\\",\\\"https://geoconnex.us/ref/mainstems/312091\\\"]\",\"[\\\"https://geoconnex.us/ref/mainstems/1259\\\",\\\"https://geoconnex.us/ref/mainstems/425\\\",\\\"https://geoconnex.us/ref/mainstems/1\\\"]\",\"[\\\"https://geoconnex.us/ref/mainstems/1278074\\\",\\\"https://geoconnex.us/ref/mainstems/353951\\\",\\\"https://geoconnex.us/ref/mainstems/323742\\\",\\\"https://geoconnex.us/ref/mainstems/312091\\\"]\",\"[\\\"https://geoconnex.us/ref/mainstems/1286227\\\",\\\"https://geoconnex.us/ref/mainstems/323742\\\",\\\"https://geoconnex.us/ref/mainstems/312091\\\"]\",\"[\\\"https://geoconnex.us/ref/mainstems/1293138\\\",\\\"https://geoconnex.us/ref/mainstems/330354\\\",\\\"https://geoconnex.us/ref/mainstems/312091\\\"]\",\"[\\\"https://geoconnex.us/ref/mainstems/129846\\\",\\\"https://geoconnex.us/ref/mainstems/322\\\",\\\"https://geoconnex.us/ref/mainstems/1\\\"]\",\"[\\\"https://geoconnex.us/ref/mainstems/1313576\\\",\\\"https://geoconnex.us/ref/mainstems/388962\\\",\\\"https://geoconnex.us/ref/mainstems/365119\\\",\\\"https://geoconnex.us/ref/mainstems/326740\\\",\\\"https://geoconnex.us/ref/mainstems/312091\\\"]\",\"[\\\"https://geoconnex.us/ref/mainstems/1317790\\\",\\\"https://geoconnex.us/ref/mainstems/391128\\\",\\\"https://geoconnex.us/ref/mainstems/375036\\\",\\\"https://geoconnex.us/ref/mainstems/326740\\\",\\\"https://geoconnex.us/ref/mainstems/312091\\\"]\",\"[\\\"https://geoconnex.us/ref/mainstems/1319565\\\",\\\"https://geoconnex.us/ref/mainstems/404632\\\",\\\"https://geoconnex.us/ref/mainstems/326740\\\",\\\"https://geoconnex.us/ref/mainstems/312091\\\"]\",\"[\\\"https://geoconnex.us/ref/mainstems/1321534\\\",\\\"https://geoconnex.us/ref/mainstems/387942\\\",\\\"https://geoconnex.us/ref/mainstems/345369\\\",\\\"https://geoconnex.us/ref/mainstems/326740\\\",\\\"https://geoconnex.us/ref/mainstems/312091\\\"]\",\"[\\\"https://geoconnex.us/ref/mainstems/1327385\\\",\\\"https://geoconnex.us/ref/mainstems/338822\\\",\\\"https://geoconnex.us/ref/mainstems/312091\\\"]\",\"[\\\"https://geoconnex.us/ref/mainstems/1330470\\\",\\\"https://geoconnex.us/ref/mainstems/312091\\\"]\",\"[\\\"https://geoconnex.us/ref/mainstems/1331584\\\",\\\"https://geoconnex.us/ref/mainstems/312091\\\"]\",\"[\\\"https://geoconnex.us/ref/mainstems/1331812\\\",\\\"https://geoconnex.us/ref/mainstems/312091\\\"]\",\"[\\\"https://geoconnex.us/ref/mainstems/1331830\\\",\\\"https://geoconnex.us/ref/mainstems/1331812\\\",\\\"https://geoconnex.us/ref/mainstems/312091\\\"]\",\"[\\\"https://geoconnex.us/ref/mainstems/1332089\\\",\\\"https://geoconnex.us/ref/mainstems/391149\\\",\\\"https://geoconnex.us/ref/mainstems/312091\\\"]\",\"[\\\"https://geoconnex.us/ref/mainstems/1335360\\\",\\\"https://geoconnex.us/ref/mainstems/312091\\\"]\",\"[\\\"https://geoconnex.us/ref/mainstems/1335366\\\",\\\"https://geoconnex.us/ref/mainstems/1335360\\\",\\\"https://geoconnex.us/ref/mainstems/312091\\\"]\",\"[\\\"https://geoconnex.us/ref/mainstems/135027\\\",\\\"https://geoconnex.us/ref/mainstems/746\\\",\\\"https://geoconnex.us/ref/mainstems/322\\\",\\\"https://geoconnex.us/ref/mainstems/1\\\"]\",\"[\\\"https://geoconnex.us/ref/mainstems/1355710\\\",\\\"https://geoconnex.us/ref/mainstems/316088\\\",\\\"https://geoconnex.us/ref/mainstems/314849\\\",\\\"https://geoconnex.us/ref/mainstems/312091\\\"]\",\"[\\\"https://geoconnex.us/ref/mainstems/1355883\\\",\\\"https://geoconnex.us/ref/mainstems/1355710\\\",\\\"https://geoconnex.us/ref/mainstems/316088\\\",\\\"https://geoconnex.us/ref/mainstems/314849\\\",\\\"https://geoconnex.us/ref/mainstems/312091\\\"]\",\"[\\\"https://geoconnex.us/ref/mainstems/1361329\\\",\\\"https://geoconnex.us/ref/mainstems/316088\\\",\\\"https://geoconnex.us/ref/mainstems/314849\\\",\\\"https://geoconnex.us/ref/mainstems/312091\\\"]\",\"[\\\"https://geoconnex.us/ref/mainstems/1361404\\\",\\\"https://geoconnex.us/ref/mainstems/1361329\\\",\\\"https://geoconnex.us/ref/mainstems/316088\\\",\\\"https://geoconnex.us/ref/mainstems/314849\\\",\\\"https://geoconnex.us/ref/mainstems/312091\\\"]\",\"[\\\"https://geoconnex.us/ref/mainstems/140737\\\",\\\"https://geoconnex.us/ref/mainstems/1\\\"]\",\"[\\\"https://geoconnex.us/ref/mainstems/1412716\\\",\\\"https://geoconnex.us/ref/mainstems/314849\\\",\\\"https://geoconnex.us/ref/mainstems/312091\\\"]\",\"[\\\"https://geoconnex.us/ref/mainstems/1412769\\\",\\\"https://geoconnex.us/ref/mainstems/1412716\\\",\\\"https://geoconnex.us/ref/mainstems/314849\\\",\\\"https://geoconnex.us/ref/mainstems/312091\\\"]\",\"[\\\"https://geoconnex.us/ref/mainstems/1413415\\\",\\\"https://geoconnex.us/ref/mainstems/314849\\\",\\\"https://geoconnex.us/ref/mainstems/312091\\\"]\",\"[\\\"https://geoconnex.us/ref/mainstems/1423587\\\"]\",\"[\\\"https://geoconnex.us/ref/mainstems/1423796\\\",\\\"https://geoconnex.us/ref/mainstems/1423587\\\"]\",\"[\\\"https://geoconnex.us/ref/mainstems/1424874\\\",\\\"https://geoconnex.us/ref/mainstems/1423796\\\",\\\"https://geoconnex.us/ref/mainstems/1423587\\\"]\",\"[\\\"https://geoconnex.us/ref/mainstems/1425718\\\",\\\"https://geoconnex.us/ref/mainstems/1423796\\\",\\\"https://geoconnex.us/ref/mainstems/1423587\\\"]\",\"[\\\"https://geoconnex.us/ref/mainstems/1425747\\\",\\\"https://geoconnex.us/ref/mainstems/1423796\\\",\\\"https://geoconnex.us/ref/mainstems/1423587\\\"]\",\"[\\\"https://geoconnex.us/ref/mainstems/1426030\\\",\\\"https://geoconnex.us/ref/mainstems/1423796\\\",\\\"https://geoconnex.us/ref/mainstems/1423587\\\"]\",\"[\\\"https://geoconnex.us/ref/mainstems/1426120\\\",\\\"https://geoconnex.us/ref/mainstems/1423587\\\"]\",\"[\\\"https://geoconnex.us/ref/mainstems/1426140\\\",\\\"https://geoconnex.us/ref/mainstems/1423587\\\"]\",\"[\\\"https://geoconnex.us/ref/mainstems/1426191\\\",\\\"https://geoconnex.us/ref/mainstems/1423587\\\"]\",\"[\\\"https://geoconnex.us/ref/mainstems/1426261\\\",\\\"https://geoconnex.us/ref/mainstems/1423587\\\"]\",\"[\\\"https://geoconnex.us/ref/mainstems/1426357\\\",\\\"https://geoconnex.us/ref/mainstems/1423796\\\",\\\"https://geoconnex.us/ref/mainstems/1423587\\\"]\",\"[\\\"https://geoconnex.us/ref/mainstems/1426393\\\",\\\"https://geoconnex.us/ref/mainstems/1423796\\\",\\\"https://geoconnex.us/ref/mainstems/1423587\\\"]\",\"[\\\"https://geoconnex.us/ref/mainstems/1427189\\\",\\\"https://geoconnex.us/ref/mainstems/1423587\\\"]\",\"[\\\"https://geoconnex.us/ref/mainstems/1427244\\\",\\\"https://geoconnex.us/ref/mainstems/1423587\\\"]\",\"[\\\"https://geoconnex.us/ref/mainstems/1427431\\\",\\\"https://geoconnex.us/ref/mainstems/1423796\\\",\\\"https://geoconnex.us/ref/mainstems/1423587\\\"]\",\"[\\\"https://geoconnex.us/ref/mainstems/1427572\\\",\\\"https://geoconnex.us/ref/mainstems/1423587\\\"]\",\"[\\\"https://geoconnex.us/ref/mainstems/1427660\\\",\\\"https://geoconnex.us/ref/mainstems/1424874\\\",\\\"https://geoconnex.us/ref/mainstems/1423796\\\",\\\"https://geoconnex.us/ref/mainstems/1423587\\\"]\",\"[\\\"https://geoconnex.us/ref/mainstems/1427700\\\",\\\"https://geoconnex.us/ref/mainstems/1426393\\\",\\\"https://geoconnex.us/ref/mainstems/1423796\\\",\\\"https://geoconnex.us/ref/mainstems/1423587\\\"]\",\"[\\\"https://geoconnex.us/ref/mainstems/1427794\\\",\\\"https://geoconnex.us/ref/mainstems/1423587\\\"]\",\"[\\\"https://geoconnex.us/ref/mainstems/1427912\\\",\\\"https://geoconnex.us/ref/mainstems/1423587\\\"]\",\"[\\\"https://geoconnex.us/ref/mainstems/1428082\\\",\\\"https://geoconnex.us/ref/mainstems/1425718\\\",\\\"https://geoconnex.us/ref/mainstems/1423796\\\",\\\"https://geoconnex.us/ref/mainstems/1423587\\\"]\",\"[\\\"https://geoconnex.us/ref/mainstems/1428297\\\",\\\"https://geoconnex.us/ref/mainstems/1426030\\\",\\\"https://geoconnex.us/ref/mainstems/1423796\\\",\\\"https://geoconnex.us/ref/mainstems/1423587\\\"]\",\"[\\\"https://geoconnex.us/ref/mainstems/1428305\\\",\\\"https://geoconnex.us/ref/mainstems/1423796\\\",\\\"https://geoconnex.us/ref/mainstems/1423587\\\"]\",\"[\\\"https://geoconnex.us/ref/mainstems/1428490\\\",\\\"https://geoconnex.us/ref/mainstems/1423587\\\"]\",\"[\\\"https://geoconnex.us/ref/mainstems/1428723\\\",\\\"https://geoconnex.us/ref/mainstems/1426120\\\",\\\"https://geoconnex.us/ref/mainstems/1423587\\\"]\",\"[\\\"https://geoconnex.us/ref/mainstems/1428937\\\",\\\"https://geoconnex.us/ref/mainstems/1423796\\\",\\\"https://geoconnex.us/ref/mainstems/1423587\\\"]\",\"[\\\"https://geoconnex.us/ref/mainstems/1428973\\\",\\\"https://geoconnex.us/ref/mainstems/1426261\\\",\\\"https://geoconnex.us/ref/mainstems/1423587\\\"]\",\"[\\\"https://geoconnex.us/ref/mainstems/1429069\\\",\\\"https://geoconnex.us/ref/mainstems/1423587\\\"]\",\"[\\\"https://geoconnex.us/ref/mainstems/1429091\\\",\\\"https://geoconnex.us/ref/mainstems/1423796\\\",\\\"https://geoconnex.us/ref/mainstems/1423587\\\"]\",\"[\\\"https://geoconnex.us/ref/mainstems/1429329\\\",\\\"https://geoconnex.us/ref/mainstems/1426357\\\",\\\"https://geoconnex.us/ref/mainstems/1423796\\\",\\\"https://geoconnex.us/ref/mainstems/1423587\\\"]\",\"[\\\"https://geoconnex.us/ref/mainstems/1429382\\\",\\\"https://geoconnex.us/ref/mainstems/1423796\\\",\\\"https://geoconnex.us/ref/mainstems/1423587\\\"]\",\"[\\\"https://geoconnex.us/ref/mainstems/1429404\\\",\\\"https://geoconnex.us/ref/mainstems/1423587\\\"]\",\"[\\\"https://geoconnex.us/ref/mainstems/1429417\\\",\\\"https://geoconnex.us/ref/mainstems/1423796\\\",\\\"https://geoconnex.us/ref/mainstems/1423587\\\"]\",\"[\\\"https://geoconnex.us/ref/mainstems/1429483\\\",\\\"https://geoconnex.us/ref/mainstems/1426140\\\",\\\"https://geoconnex.us/ref/mainstems/1423587\\\"]\",\"[\\\"https://geoconnex.us/ref/mainstems/1429513\\\",\\\"https://geoconnex.us/ref/mainstems/1423796\\\",\\\"https://geoconnex.us/ref/mainstems/1423587\\\"]\",\"[\\\"https://geoconnex.us/ref/mainstems/1429533\\\",\\\"https://geoconnex.us/ref/mainstems/1423796\\\",\\\"https://geoconnex.us/ref/mainstems/1423587\\\"]\",\"[\\\"https://geoconnex.us/ref/mainstems/1429562\\\",\\\"https://geoconnex.us/ref/mainstems/1426030\\\",\\\"https://geoconnex.us/ref/mainstems/1423796\\\",\\\"https://geoconnex.us/ref/mainstems/1423587\\\"]\",\"[\\\"https://geoconnex.us/ref/mainstems/1429668\\\",\\\"https://geoconnex.us/ref/mainstems/1423796\\\",\\\"https://geoconnex.us/ref/mainstems/1423587\\\"]\",\"[\\\"https://geoconnex.us/ref/mainstems/1429779\\\",\\\"https://geoconnex.us/ref/mainstems/1429091\\\",\\\"https://geoconnex.us/ref/mainstems/1423796\\\",\\\"https://geoconnex.us/ref/mainstems/1423587\\\"]\",\"[\\\"https://geoconnex.us/ref/mainstems/1429859\\\",\\\"https://geoconnex.us/ref/mainstems/1423587\\\"]\",\"[\\\"https://geoconnex.us/ref/mainstems/1429984\\\",\\\"https://geoconnex.us/ref/mainstems/1426030\\\",\\\"https://geoconnex.us/ref/mainstems/1423796\\\",\\\"https://geoconnex.us/ref/mainstems/1423587\\\"]\",\"[\\\"https://geoconnex.us/ref/mainstems/1430048\\\",\\\"https://geoconnex.us/ref/mainstems/1427572\\\",\\\"https://geoconnex.us/ref/mainstems/1423587\\\"]\",\"[\\\"https://geoconnex.us/ref/mainstems/1430123\\\",\\\"https://geoconnex.us/ref/mainstems/1423587\\\"]\",\"[\\\"https://geoconnex.us/ref/mainstems/1430223\\\",\\\"https://geoconnex.us/ref/mainstems/1424874\\\",\\\"https://geoconnex.us/ref/mainstems/1423796\\\",\\\"https://geoconnex.us/ref/mainstems/1423587\\\"]\",\"[\\\"https://geoconnex.us/ref/mainstems/1430234\\\",\\\"https://geoconnex.us/ref/mainstems/1425747\\\",\\\"https://geoconnex.us/ref/mainstems/1423796\\\",\\\"https://geoconnex.us/ref/mainstems/1423587\\\"]\",\"[\\\"https://geoconnex.us/ref/mainstems/1430237\\\",\\\"https://geoconnex.us/ref/mainstems/1423796\\\",\\\"https://geoconnex.us/ref/mainstems/1423587\\\"]\",\"[\\\"https://geoconnex.us/ref/mainstems/1430304\\\",\\\"https://geoconnex.us/ref/mainstems/1426191\\\",\\\"https://geoconnex.us/ref/mainstems/1423587\\\"]\",\"[\\\"https://geoconnex.us/ref/mainstems/1430334\\\",\\\"https://geoconnex.us/ref/mainstems/1423587\\\"]\",\"[\\\"https://geoconnex.us/ref/mainstems/1430483\\\",\\\"https://geoconnex.us/ref/mainstems/1427244\\\",\\\"https://geoconnex.us/ref/mainstems/1423587\\\"]\",\"[\\\"https://geoconnex.us/ref/mainstems/1430781\\\",\\\"https://geoconnex.us/ref/mainstems/1423796\\\",\\\"https://geoconnex.us/ref/mainstems/1423587\\\"]\",\"[\\\"https://geoconnex.us/ref/mainstems/1430786\\\",\\\"https://geoconnex.us/ref/mainstems/1425747\\\",\\\"https://geoconnex.us/ref/mainstems/1423796\\\",\\\"https://geoconnex.us/ref/mainstems/1423587\\\"]\",\"[\\\"https://geoconnex.us/ref/mainstems/1430863\\\",\\\"https://geoconnex.us/ref/mainstems/1426120\\\",\\\"https://geoconnex.us/ref/mainstems/1423587\\\"]\",\"[\\\"https://geoconnex.us/ref/mainstems/1430973\\\",\\\"https://geoconnex.us/ref/mainstems/1423587\\\"]\",\"[\\\"https://geoconnex.us/ref/mainstems/1431155\\\",\\\"https://geoconnex.us/ref/mainstems/1426393\\\",\\\"https://geoconnex.us/ref/mainstems/1423796\\\",\\\"https://geoconnex.us/ref/mainstems/1423587\\\"]\",\"[\\\"https://geoconnex.us/ref/mainstems/1431258\\\",\\\"https://geoconnex.us/ref/mainstems/1423796\\\",\\\"https://geoconnex.us/ref/mainstems/1423587\\\"]\",\"[\\\"https://geoconnex.us/ref/mainstems/1431285\\\",\\\"https://geoconnex.us/ref/mainstems/1423587\\\"]\",\"[\\\"https://geoconnex.us/ref/mainstems/1431332\\\",\\\"https://geoconnex.us/ref/mainstems/1426261\\\",\\\"https://geoconnex.us/ref/mainstems/1423587\\\"]\",\"[\\\"https://geoconnex.us/ref/mainstems/1431346\\\",\\\"https://geoconnex.us/ref/mainstems/1423587\\\"]\",\"[\\\"https://geoconnex.us/ref/mainstems/1431368\\\",\\\"https://geoconnex.us/ref/mainstems/1428305\\\",\\\"https://geoconnex.us/ref/mainstems/1423796\\\",\\\"https://geoconnex.us/ref/mainstems/1423587\\\"]\",\"[\\\"https://geoconnex.us/ref/mainstems/1431511\\\",\\\"https://geoconnex.us/ref/mainstems/1430863\\\",\\\"https://geoconnex.us/ref/mainstems/1426120\\\",\\\"https://geoconnex.us/ref/mainstems/1423587\\\"]\"]},{\"attribute\":\"featuretype\",\"count\":1,\"type\":\"string\",\"values\":[\"[\\\"https://www.opengis.net/def/schema/hy_features/hyf/HY_FlowPath\\\",\\\"https://www.opengis.net/def/schema/hy_features/hyf/HY_WaterBody\\\"]\"]},{\"attribute\":\"head_2020HUC12\",\"count\":1000,\"type\":\"string\",\"values\":[\"\",\"010100020101\",\"010100020102\",\"010100020103\",\"010100020104\",\"010100020105\",\"010100020201\",\"010100020202\",\"010100020203\",\"010100020301\",\"010100020305\",\"010100020307\",\"010100020401\",\"010100020404\",\"010100020501\",\"010100020504\",\"010100020602\",\"010100020703\",\"010100020705\",\"010100020708\",\"010100020709\",\"010100030101\",\"010100030102\",\"010100030104\",\"010100030204\",\"010100030205\",\"010100030206\",\"010100030302\",\"010100030304\",\"010100030308\",\"010100030401\",\"010100030402\",\"010100040101\",\"010100040102\",\"010100040103\",\"010100040201\",\"010100040301\",\"010100040303\",\"010100040305\",\"010100040401\",\"010100040402\",\"010100040501\",\"010100040502\",\"010100040503\",\"010100040505\",\"010100040601\",\"010100040701\",\"010100040801\",\"010100040804\",\"010100040901\",\"010100040902\",\"010100040905\",\"010100040906\",\"010100041001\",\"010100041002\",\"010100041004\",\"010100041007\",\"010100041101\",\"010100041103\",\"010100041104\",\"010100041105\",\"010100041106\",\"010100041107\",\"010100041110\",\"010100041112\",\"010100050101\",\"010100050102\",\"010100050201\",\"010100050202\",\"010100050203\",\"010100050301\",\"010100050302\",\"010100050305\",\"010100060101\",\"010100060103\",\"010100060106\",\"010100060107\",\"010100060108\",\"010100060109\",\"010100060201\",\"010100060203\",\"010100060207\",\"010100060208\",\"010100060309\",\"010100070102\",\"010100070201\",\"010100070301\",\"010100070302\",\"010100070409\",\"010100070504\",\"010100070505\",\"010100070601\",\"010100070602\",\"010100070703\",\"010100070803\",\"010100070804\",\"010100070901\",\"010100070904\",\"010100070906\",\"010100071001\"]},{\"attribute\":\"head_nhdpv1_COMID\",\"count\":1000,\"type\":\"number\",\"values\":[10001878,10002648,10002692,10002724,10003050,10003156,10003308,10003634,10003660,10003662,10003670,10004426,1001341,1001417,10016422,10016902,1001725,10017314,10017578,10018468,10020324,10020452,1002105,10021294,1002133,10021372,1002165,1002187,1002189,1002191,10022310,10022358,10022410,10022444,10022984,10023014,10023286,10023458,10023962,10024260,1002433,10024732,10025014,10025058,10025060,10025538,10025614,10026114,10026470,10026480,10035322,10035386,10035420,10035444,10035470,10035472,10035582,10035602,10035650,10035920,10037998,10038104,10038138,10038346,10038418,10038826,10038836,10039808,10039952,10039986,10040054,10040064,10040728,10041472,10041838,1004895,1005075,10053290,10053908,10054250,10054574,10054602,10055974,1006001,1006017,10061369,10061829,10061899,10061937,10062075,1006325,10063473,10063803,10063883,10063979,10064049,10064355,10064531,10066067,10066155],\"min\":999,\"max\":904330002},{\"attribute\":\"head_nhdpv2HUC12\",\"count\":1000,\"type\":\"string\",\"values\":[\"\",\"https://geoconnex.us/nhdplusv2/huc12/010100020101\",\"https://geoconnex.us/nhdplusv2/huc12/010100020102\",\"https://geoconnex.us/nhdplusv2/huc12/010100020103\",\"https://geoconnex.us/nhdplusv2/huc12/010100020104\",\"https://geoconnex.us/nhdplusv2/huc12/010100020105\",\"https://geoconnex.us/nhdplusv2/huc12/010100020201\",\"https://geoconnex.us/nhdplusv2/huc12/010100020202\",\"https://geoconnex.us/nhdplusv2/huc12/010100020203\",\"https://geoconnex.us/nhdplusv2/huc12/010100020301\",\"https://geoconnex.us/nhdplusv2/huc12/010100020305\",\"https://geoconnex.us/nhdplusv2/huc12/010100020307\",\"https://geoconnex.us/nhdplusv2/huc12/010100020401\",\"https://geoconnex.us/nhdplusv2/huc12/010100020404\",\"https://geoconnex.us/nhdplusv2/huc12/010100020501\",\"https://geoconnex.us/nhdplusv2/huc12/010100020504\",\"https://geoconnex.us/nhdplusv2/huc12/010100020602\",\"https://geoconnex.us/nhdplusv2/huc12/010100020703\",\"https://geoconnex.us/nhdplusv2/huc12/010100020705\",\"https://geoconnex.us/nhdplusv2/huc12/010100020708\",\"https://geoconnex.us/nhdplusv2/huc12/010100020709\",\"https://geoconnex.us/nhdplusv2/huc12/010100030101\",\"https://geoconnex.us/nhdplusv2/huc12/010100030102\",\"https://geoconnex.us/nhdplusv2/huc12/010100030104\",\"https://geoconnex.us/nhdplusv2/huc12/010100030204\",\"https://geoconnex.us/nhdplusv2/huc12/010100030205\",\"https://geoconnex.us/nhdplusv2/huc12/010100030206\",\"https://geoconnex.us/nhdplusv2/huc12/010100030302\",\"https://geoconnex.us/nhdplusv2/huc12/010100030304\",\"https://geoconnex.us/nhdplusv2/huc12/010100030308\",\"https://geoconnex.us/nhdplusv2/huc12/010100030401\",\"https://geoconnex.us/nhdplusv2/huc12/010100030402\",\"https://geoconnex.us/nhdplusv2/huc12/010100040101\",\"https://geoconnex.us/nhdplusv2/huc12/010100040102\",\"https://geoconnex.us/nhdplusv2/huc12/010100040103\",\"https://geoconnex.us/nhdplusv2/huc12/010100040201\",\"https://geoconnex.us/nhdplusv2/huc12/010100040301\",\"https://geoconnex.us/nhdplusv2/huc12/010100040303\",\"https://geoconnex.us/nhdplusv2/huc12/010100040305\",\"https://geoconnex.us/nhdplusv2/huc12/010100040401\",\"https://geoconnex.us/nhdplusv2/huc12/010100040402\",\"https://geoconnex.us/nhdplusv2/huc12/010100040501\",\"https://geoconnex.us/nhdplusv2/huc12/010100040502\",\"https://geoconnex.us/nhdplusv2/huc12/010100040503\",\"https://geoconnex.us/nhdplusv2/huc12/010100040505\",\"https://geoconnex.us/nhdplusv2/huc12/010100040601\",\"https://geoconnex.us/nhdplusv2/huc12/010100040701\",\"https://geoconnex.us/nhdplusv2/huc12/010100040801\",\"https://geoconnex.us/nhdplusv2/huc12/010100040804\",\"https://geoconnex.us/nhdplusv2/huc12/010100040901\",\"https://geoconnex.us/nhdplusv2/huc12/010100040902\",\"https://geoconnex.us/nhdplusv2/huc12/010100040905\",\"https://geoconnex.us/nhdplusv2/huc12/010100040906\",\"https://geoconnex.us/nhdplusv2/huc12/010100041001\",\"https://geoconnex.us/nhdplusv2/huc12/010100041002\",\"https://geoconnex.us/nhdplusv2/huc12/010100041004\",\"https://geoconnex.us/nhdplusv2/huc12/010100041007\",\"https://geoconnex.us/nhdplusv2/huc12/010100041101\",\"https://geoconnex.us/nhdplusv2/huc12/010100041103\",\"https://geoconnex.us/nhdplusv2/huc12/010100041104\",\"https://geoconnex.us/nhdplusv2/huc12/010100041105\",\"https://geoconnex.us/nhdplusv2/huc12/010100041106\",\"https://geoconnex.us/nhdplusv2/huc12/010100041107\",\"https://geoconnex.us/nhdplusv2/huc12/010100041110\",\"https://geoconnex.us/nhdplusv2/huc12/010100041112\",\"https://geoconnex.us/nhdplusv2/huc12/010100050101\",\"https://geoconnex.us/nhdplusv2/huc12/010100050102\",\"https://geoconnex.us/nhdplusv2/huc12/010100050201\",\"https://geoconnex.us/nhdplusv2/huc12/010100050202\",\"https://geoconnex.us/nhdplusv2/huc12/010100050203\",\"https://geoconnex.us/nhdplusv2/huc12/010100050301\",\"https://geoconnex.us/nhdplusv2/huc12/010100050302\",\"https://geoconnex.us/nhdplusv2/huc12/010100050305\",\"https://geoconnex.us/nhdplusv2/huc12/010100060101\",\"https://geoconnex.us/nhdplusv2/huc12/010100060103\",\"https://geoconnex.us/nhdplusv2/huc12/010100060105\",\"https://geoconnex.us/nhdplusv2/huc12/010100060106\",\"https://geoconnex.us/nhdplusv2/huc12/010100060107\",\"https://geoconnex.us/nhdplusv2/huc12/010100060108\",\"https://geoconnex.us/nhdplusv2/huc12/010100060201\",\"https://geoconnex.us/nhdplusv2/huc12/010100060204\",\"https://geoconnex.us/nhdplusv2/huc12/010100060206\",\"https://geoconnex.us/nhdplusv2/huc12/010100060207\",\"https://geoconnex.us/nhdplusv2/huc12/010100060312\",\"https://geoconnex.us/nhdplusv2/huc12/010100070102\",\"https://geoconnex.us/nhdplusv2/huc12/010100070205\",\"https://geoconnex.us/nhdplusv2/huc12/010100070206\",\"https://geoconnex.us/nhdplusv2/huc12/010100070302\",\"https://geoconnex.us/nhdplusv2/huc12/010100070304\",\"https://geoconnex.us/nhdplusv2/huc12/010100070305\",\"https://geoconnex.us/nhdplusv2/huc12/010100070401\",\"https://geoconnex.us/nhdplusv2/huc12/010100070503\",\"https://geoconnex.us/nhdplusv2/huc12/010100070505\",\"https://geoconnex.us/nhdplusv2/huc12/010100070601\",\"https://geoconnex.us/nhdplusv2/huc12/010100070602\",\"https://geoconnex.us/nhdplusv2/huc12/010100070605\",\"https://geoconnex.us/nhdplusv2/huc12/010100070701\",\"https://geoconnex.us/nhdplusv2/huc12/010100070702\",\"https://geoconnex.us/nhdplusv2/huc12/010100080101\",\"https://geoconnex.us/nhdplusv2/huc12/010100080401\"]},{\"attribute\":\"head_nhdpv2_COMID\",\"count\":1000,\"type\":\"string\",\"values\":[\"https://geoconnex.us/nhdplusv2/comid/1.7e+07\",\"https://geoconnex.us/nhdplusv2/comid/10001712\",\"https://geoconnex.us/nhdplusv2/comid/10001878\",\"https://geoconnex.us/nhdplusv2/comid/10002134\",\"https://geoconnex.us/nhdplusv2/comid/10002294\",\"https://geoconnex.us/nhdplusv2/comid/10002648\",\"https://geoconnex.us/nhdplusv2/comid/10002692\",\"https://geoconnex.us/nhdplusv2/comid/10002724\",\"https://geoconnex.us/nhdplusv2/comid/10003050\",\"https://geoconnex.us/nhdplusv2/comid/10003156\",\"https://geoconnex.us/nhdplusv2/comid/10003210\",\"https://geoconnex.us/nhdplusv2/comid/10003308\",\"https://geoconnex.us/nhdplusv2/comid/10003634\",\"https://geoconnex.us/nhdplusv2/comid/10003660\",\"https://geoconnex.us/nhdplusv2/comid/10003662\",\"https://geoconnex.us/nhdplusv2/comid/10003670\",\"https://geoconnex.us/nhdplusv2/comid/10003676\",\"https://geoconnex.us/nhdplusv2/comid/10004426\",\"https://geoconnex.us/nhdplusv2/comid/1001341\",\"https://geoconnex.us/nhdplusv2/comid/1001417\",\"https://geoconnex.us/nhdplusv2/comid/10016422\",\"https://geoconnex.us/nhdplusv2/comid/10016902\",\"https://geoconnex.us/nhdplusv2/comid/1001725\",\"https://geoconnex.us/nhdplusv2/comid/10017314\",\"https://geoconnex.us/nhdplusv2/comid/10017578\",\"https://geoconnex.us/nhdplusv2/comid/10018468\",\"https://geoconnex.us/nhdplusv2/comid/10020324\",\"https://geoconnex.us/nhdplusv2/comid/10020452\",\"https://geoconnex.us/nhdplusv2/comid/1002105\",\"https://geoconnex.us/nhdplusv2/comid/10021294\",\"https://geoconnex.us/nhdplusv2/comid/1002133\",\"https://geoconnex.us/nhdplusv2/comid/10021372\",\"https://geoconnex.us/nhdplusv2/comid/1002165\",\"https://geoconnex.us/nhdplusv2/comid/1002187\",\"https://geoconnex.us/nhdplusv2/comid/1002189\",\"https://geoconnex.us/nhdplusv2/comid/1002191\",\"https://geoconnex.us/nhdplusv2/comid/10022310\",\"https://geoconnex.us/nhdplusv2/comid/10022358\",\"https://geoconnex.us/nhdplusv2/comid/10022410\",\"https://geoconnex.us/nhdplusv2/comid/10022444\",\"https://geoconnex.us/nhdplusv2/comid/10022984\",\"https://geoconnex.us/nhdplusv2/comid/10023014\",\"https://geoconnex.us/nhdplusv2/comid/10023286\",\"https://geoconnex.us/nhdplusv2/comid/10023458\",\"https://geoconnex.us/nhdplusv2/comid/10023962\",\"https://geoconnex.us/nhdplusv2/comid/10024260\",\"https://geoconnex.us/nhdplusv2/comid/1002433\",\"https://geoconnex.us/nhdplusv2/comid/10024732\",\"https://geoconnex.us/nhdplusv2/comid/10025014\",\"https://geoconnex.us/nhdplusv2/comid/10025058\",\"https://geoconnex.us/nhdplusv2/comid/10025060\",\"https://geoconnex.us/nhdplusv2/comid/10025538\",\"https://geoconnex.us/nhdplusv2/comid/10025614\",\"https://geoconnex.us/nhdplusv2/comid/10026114\",\"https://geoconnex.us/nhdplusv2/comid/10026470\",\"https://geoconnex.us/nhdplusv2/comid/10026480\",\"https://geoconnex.us/nhdplusv2/comid/10035322\",\"https://geoconnex.us/nhdplusv2/comid/10035386\",\"https://geoconnex.us/nhdplusv2/comid/10035420\",\"https://geoconnex.us/nhdplusv2/comid/10035444\",\"https://geoconnex.us/nhdplusv2/comid/10035470\",\"https://geoconnex.us/nhdplusv2/comid/10035472\",\"https://geoconnex.us/nhdplusv2/comid/10035582\",\"https://geoconnex.us/nhdplusv2/comid/10035602\",\"https://geoconnex.us/nhdplusv2/comid/10035650\",\"https://geoconnex.us/nhdplusv2/comid/10035920\",\"https://geoconnex.us/nhdplusv2/comid/10037998\",\"https://geoconnex.us/nhdplusv2/comid/10038104\",\"https://geoconnex.us/nhdplusv2/comid/10038138\",\"https://geoconnex.us/nhdplusv2/comid/10038346\",\"https://geoconnex.us/nhdplusv2/comid/10038418\",\"https://geoconnex.us/nhdplusv2/comid/10038826\",\"https://geoconnex.us/nhdplusv2/comid/10038836\",\"https://geoconnex.us/nhdplusv2/comid/10039808\",\"https://geoconnex.us/nhdplusv2/comid/10039952\",\"https://geoconnex.us/nhdplusv2/comid/10039986\",\"https://geoconnex.us/nhdplusv2/comid/10040054\",\"https://geoconnex.us/nhdplusv2/comid/10040064\",\"https://geoconnex.us/nhdplusv2/comid/10040728\",\"https://geoconnex.us/nhdplusv2/comid/10041472\",\"https://geoconnex.us/nhdplusv2/comid/10041838\",\"https://geoconnex.us/nhdplusv2/comid/1004895\",\"https://geoconnex.us/nhdplusv2/comid/1005075\",\"https://geoconnex.us/nhdplusv2/comid/10053290\",\"https://geoconnex.us/nhdplusv2/comid/10053908\",\"https://geoconnex.us/nhdplusv2/comid/10054250\",\"https://geoconnex.us/nhdplusv2/comid/10054574\",\"https://geoconnex.us/nhdplusv2/comid/10054602\",\"https://geoconnex.us/nhdplusv2/comid/10055974\",\"https://geoconnex.us/nhdplusv2/comid/1006001\",\"https://geoconnex.us/nhdplusv2/comid/1006017\",\"https://geoconnex.us/nhdplusv2/comid/10061369\",\"https://geoconnex.us/nhdplusv2/comid/10061829\",\"https://geoconnex.us/nhdplusv2/comid/10061899\",\"https://geoconnex.us/nhdplusv2/comid/10061937\",\"https://geoconnex.us/nhdplusv2/comid/10062075\",\"https://geoconnex.us/nhdplusv2/comid/1006325\",\"https://geoconnex.us/nhdplusv2/comid/10063473\",\"https://geoconnex.us/nhdplusv2/comid/10063803\",\"https://geoconnex.us/nhdplusv2/comid/10063883\"]},{\"attribute\":\"head_rf1ID\",\"count\":1000,\"type\":\"number\",\"values\":[10020,10021,10022,10023,10025,10026,10028,1004,10047,10048,10049,1005,10058,1006,10063,10069,1007,1009,10090,10091,10100,10103,10106,10120,10121,10122,10137,10142,1015,10155,10158,10159,10160,10161,1018,10184,10185,10186,10187,10188,10189,10190,10191,10199,10209,1021,10210,10221,10225,1023,10231,10232,10243,10246,1025,10263,10265,10266,10268,10271,10272,10273,10274,10278,1028,10282,10283,10291,10292,10295,1030,10302,10304,10309,10310,10311,10313,10314,10316,10317,10318,10319,10320,10325,10327,10328,10329,10334,10335,10337,10338,1034,10342,10343,10347,10349,10353,10354,10356,10357],\"min\":4,\"max\":62679},{\"attribute\":\"id\",\"count\":1000,\"type\":\"string\",\"values\":[\"1\",\"1003428\",\"10035\",\"1004258\",\"1004547\",\"1004562\",\"1004761\",\"1009561\",\"1010417\",\"1011870\",\"1011892\",\"10132\",\"10135\",\"101400\",\"101495\",\"101569\",\"10202\",\"102451\",\"102572\",\"1025737\",\"1028449\",\"1028702\",\"103354\",\"1034989\",\"1035285\",\"103532\",\"103626\",\"1036497\",\"103697\",\"1038157\",\"103831\",\"1038671\",\"103904\",\"103922\",\"104038\",\"104049\",\"104354\",\"104442\",\"105254\",\"105257\",\"1060256\",\"1060327\",\"1060393\",\"1062521\",\"1066692\",\"1070712\",\"1071060\",\"1074079\",\"107830\",\"1087854\",\"1106280\",\"1124608\",\"1128642\",\"1129547\",\"1130317\",\"1130318\",\"1130903\",\"1134724\",\"1135224\",\"1136217\",\"1136389\",\"1136894\",\"1142469\",\"1142533\",\"1142631\",\"1142820\",\"1142834\",\"115429\",\"116059\",\"11639\",\"116779\",\"1172469\",\"117257\",\"1175291\",\"1178178\",\"1189299\",\"119077\",\"119150\",\"1192270\",\"119421\",\"119530\",\"119540\",\"1201039\",\"1201052\",\"1201286\",\"1203845\",\"1211223\",\"1212\",\"1212103\",\"1216324\",\"1216616\",\"1221353\",\"1221638\",\"1222769\",\"122300\",\"1225500\",\"1225834\",\"1227906\",\"1235\",\"1237050\"]},{\"attribute\":\"lengthkm\",\"count\":1000,\"type\":\"number\",\"values\":[0.1,0.2,0.3,0.4,0.5,0.6,0.7,0.8,0.9,1.2,1.3,1.4,1.5,1.6,1.7,1.8,1.9,10,10.1,10.2,10.3,10.4,10.5,10.6,10.7,10.8,10.9,100,100.1,100.2,100.3,100.4,100.5,100.6,100.7,100.8,100.9,101,101.1,101.2,101.3,101.4,101.6,101.7,101.8,102,102.1,102.2,102.3,102.4,102.5,102.6,102.7,102.8,102.9,103,103.1,103.2,103.3,103.4,103.5,103.6,103.7,103.8,103.9,104,104.1,104.2,104.3,104.4,104.5,104.6,104.7,104.8,104.9,105,105.1,105.2,105.3,105.5,105.7,105.8,1056.2,106,106.1,106.2,106.3,106.4,106.5,106.6,106.7,106.8,106.9,107,107.1,107.2,107.3,107.4,107.5,107.6],\"min\":0.1,\"max\":4161.2},{\"attribute\":\"name_at_outlet\",\"count\":1000,\"type\":\"string\",\"values\":[\"\",\"'Imnamatnoon Creek\",\"A B C Creek\",\"A Line Canal\",\"Aarons Creek\",\"Abagadasset River\",\"Abbie Creek\",\"Abbott Creek\",\"Abbott Run\",\"Abbotts Creek\",\"Abercorn Creek\",\"Aberdeen Creek\",\"Abernethy Creek\",\"Abiaca Creek\",\"Abiqua Creek\",\"Abiquiu Creek\",\"Abita River\",\"Ables Creek\",\"Abo Arroyo\",\"Aboite Creek\",\"Abram Creek\",\"Abrams Creek\",\"Absecon Creek\",\"Academy Brook\",\"Accokeek Creek\",\"Accotink Creek\",\"Ackerman Creek\",\"Ackley Creek\",\"Acoma Creek\",\"Acorn Creek\",\"Acre Swamp\",\"Adair Creek\",\"Adams Bayou\",\"Adams Branch\",\"Adams Creek\",\"Adams Fork\",\"Adams Slough\",\"Adams Swamp\",\"Addison Creek\",\"Adkins Race\",\"Adler Creek\",\"Adley Creek\",\"Adobe Creek\",\"Adolph Bayou\",\"Aeneas Creek\",\"Affonee Creek\",\"Agate Creek\",\"Agency Creek\",\"Agnes Creek\",\"Agnew Ditch\",\"Agua Azul Creek\",\"Agua Blanca Creek\",\"Agua Caliente Creek\",\"Agua Caliente Wash\",\"Agua Chiquita Creek\",\"Agua Fria Creek\",\"Agua Fria River\",\"Agua Hedionda Creek\",\"Agua Sal Creek\",\"Agua Verde Creek\",\"Agua Zarca\",\"Agua de Piedra Creek\",\"Aguajita Wash\",\"Aguilar Creek\",\"Aguirre Wash\",\"Agula Creek\",\"Ah-shi-sle-pah Wash\",\"Ahnapee River\",\"Ahorn Creek\",\"Ahtanum Creek\",\"Ai Creek\",\"Aikman Creek\",\"Akin Creek\",\"Akokala Creek\",\"Alabaha River\",\"Alabama Creek\",\"Alabaugh Creek\",\"Alafia River\",\"Alameda Creek\",\"Alamito Creek\",\"Alamo Creek\",\"Alamo Pintado Creek\",\"Alamo River\",\"Alamo Wash\",\"Alamo de Cesario Creek\",\"Alamocita Creek\",\"Alamocitos Creek\",\"Alamogordo Creek\",\"Alamos Creek\",\"Alamosa Creek\",\"Alamosa River\",\"Alamuchee Creek\",\"Alapaha River\",\"Alapahoochee River\",\"Alaqua Creek\",\"Alarka Creek\",\"Alarm Creek\",\"Alazan Bayou\",\"Albercas Creek\",\"Albers Slough\"]},{\"attribute\":\"name_at_outlet_gnis_id\",\"count\":1000,\"type\":\"number\",\"values\":[1000716,1000721,1000743,1000745,1000782,1001107,1003436,1003439,1004218,1004730,1004825,1004829,1008012,1008227,1008270,1008664,1008770,1008831,1008933,1008997,1009082,1009297,1009306,1009307,1009325,1009336,1009340,1009374,1009450,1009737,1009796,1009842,1009883,1010002,1010004,1010035,1010072,1010094,1010194,1010341,1010456,1010504,1010523,1010550,1010609,1010610,1010700,1010726,1010961,1010987,1010993,1011,1011069,1011210,1011340,1011774,1011816,1011828,1011835,1011945,1012148,1012212,1012286,1012383,1012404,1012410,1012515,1012542,1012897,1012932,1012975,1012994,1013013,1013017,1013031,1013036,1013199,1013239,1013453,1013598,1013816,1013823,1013827,1013871,1013910,1013941,1013950,1013970,1013999,1014009,1014024,1014073,1014209,1014345,1014358,1014389,1014647,1014872,1014873,1015038],\"min\":399,\"max\":2011610},{\"attribute\":\"new_mainstemid\",\"count\":167,\"type\":\"string\",\"values\":[\"\",\"[\\\"https://geoconnex.us/ref/mainstems/1\\\"]\",\"[\\\"https://geoconnex.us/ref/mainstems/103831\\\"]\",\"[\\\"https://geoconnex.us/ref/mainstems/1060256\\\",\\\"https://geoconnex.us/ref/mainstems/1060393\\\",\\\"https://geoconnex.us/ref/mainstems/1060327\\\"]\",\"[\\\"https://geoconnex.us/ref/mainstems/1071060\\\"]\",\"[\\\"https://geoconnex.us/ref/mainstems/1085385\\\"]\",\"[\\\"https://geoconnex.us/ref/mainstems/1124608\\\",\\\"https://geoconnex.us/ref/mainstems/1122303\\\"]\",\"[\\\"https://geoconnex.us/ref/mainstems/1136217\\\",\\\"https://geoconnex.us/ref/mainstems/1136389\\\"]\",\"[\\\"https://geoconnex.us/ref/mainstems/1142469\\\",\\\"https://geoconnex.us/ref/mainstems/1142631\\\",\\\"https://geoconnex.us/ref/mainstems/1142533\\\"]\",\"[\\\"https://geoconnex.us/ref/mainstems/1142469\\\"]\",\"[\\\"https://geoconnex.us/ref/mainstems/1142820\\\",\\\"https://geoconnex.us/ref/mainstems/1142834\\\"]\",\"[\\\"https://geoconnex.us/ref/mainstems/1142820\\\"]\",\"[\\\"https://geoconnex.us/ref/mainstems/1160003\\\",\\\"https://geoconnex.us/ref/mainstems/1172469\\\"]\",\"[\\\"https://geoconnex.us/ref/mainstems/1189299\\\"]\",\"[\\\"https://geoconnex.us/ref/mainstems/1212103\\\"]\",\"[\\\"https://geoconnex.us/ref/mainstems/1220821\\\",\\\"https://geoconnex.us/ref/mainstems/1221638\\\"]\",\"[\\\"https://geoconnex.us/ref/mainstems/1237050\\\",\\\"https://geoconnex.us/ref/mainstems/1237444\\\"]\",\"[\\\"https://geoconnex.us/ref/mainstems/1237050\\\"]\",\"[\\\"https://geoconnex.us/ref/mainstems/1257731\\\"]\",\"[\\\"https://geoconnex.us/ref/mainstems/1265302\\\",\\\"https://geoconnex.us/ref/mainstems/1265301\\\"]\",\"[\\\"https://geoconnex.us/ref/mainstems/1278074\\\",\\\"https://geoconnex.us/ref/mainstems/1278102\\\"]\",\"[\\\"https://geoconnex.us/ref/mainstems/1279509\\\"]\",\"[\\\"https://geoconnex.us/ref/mainstems/1282672\\\"]\",\"[\\\"https://geoconnex.us/ref/mainstems/1284327\\\"]\",\"[\\\"https://geoconnex.us/ref/mainstems/1284493\\\"]\",\"[\\\"https://geoconnex.us/ref/mainstems/1286227\\\"]\",\"[\\\"https://geoconnex.us/ref/mainstems/1286766\\\"]\",\"[\\\"https://geoconnex.us/ref/mainstems/1293138\\\"]\",\"[\\\"https://geoconnex.us/ref/mainstems/129846\\\"]\",\"[\\\"https://geoconnex.us/ref/mainstems/1308553\\\"]\",\"[\\\"https://geoconnex.us/ref/mainstems/130962\\\",\\\"https://geoconnex.us/ref/mainstems/129846\\\"]\",\"[\\\"https://geoconnex.us/ref/mainstems/1310272\\\"]\",\"[\\\"https://geoconnex.us/ref/mainstems/1312490\\\"]\",\"[\\\"https://geoconnex.us/ref/mainstems/1313576\\\",\\\"https://geoconnex.us/ref/mainstems/1313644\\\"]\",\"[\\\"https://geoconnex.us/ref/mainstems/1315743\\\"]\",\"[\\\"https://geoconnex.us/ref/mainstems/1317790\\\"]\",\"[\\\"https://geoconnex.us/ref/mainstems/1319565\\\"]\",\"[\\\"https://geoconnex.us/ref/mainstems/1320604\\\"]\",\"[\\\"https://geoconnex.us/ref/mainstems/1321342\\\"]\",\"[\\\"https://geoconnex.us/ref/mainstems/1321534\\\",\\\"https://geoconnex.us/ref/mainstems/1321564\\\"]\",\"[\\\"https://geoconnex.us/ref/mainstems/1321589\\\"]\",\"[\\\"https://geoconnex.us/ref/mainstems/1327573\\\"]\",\"[\\\"https://geoconnex.us/ref/mainstems/1328772\\\",\\\"https://geoconnex.us/ref/mainstems/1328477\\\"]\",\"[\\\"https://geoconnex.us/ref/mainstems/1331298\\\"]\",\"[\\\"https://geoconnex.us/ref/mainstems/1331584\\\",\\\"https://geoconnex.us/ref/mainstems/1331649\\\"]\",\"[\\\"https://geoconnex.us/ref/mainstems/1331843\\\"]\",\"[\\\"https://geoconnex.us/ref/mainstems/1332089\\\",\\\"https://geoconnex.us/ref/mainstems/1332159\\\"]\",\"[\\\"https://geoconnex.us/ref/mainstems/1332648\\\",\\\"https://geoconnex.us/ref/mainstems/1327433\\\"]\",\"[\\\"https://geoconnex.us/ref/mainstems/1334065\\\"]\",\"[\\\"https://geoconnex.us/ref/mainstems/1334193\\\"]\",\"[\\\"https://geoconnex.us/ref/mainstems/1335360\\\",\\\"https://geoconnex.us/ref/mainstems/1335366\\\"]\",\"[\\\"https://geoconnex.us/ref/mainstems/1343074\\\",\\\"https://geoconnex.us/ref/mainstems/1346047\\\"]\",\"[\\\"https://geoconnex.us/ref/mainstems/135027\\\",\\\"https://geoconnex.us/ref/mainstems/135120\\\"]\",\"[\\\"https://geoconnex.us/ref/mainstems/1351917\\\"]\",\"[\\\"https://geoconnex.us/ref/mainstems/1355883\\\",\\\"https://geoconnex.us/ref/mainstems/1355710\\\"]\",\"[\\\"https://geoconnex.us/ref/mainstems/1355923\\\",\\\"https://geoconnex.us/ref/mainstems/1355883\\\"]\",\"[\\\"https://geoconnex.us/ref/mainstems/1361329\\\",\\\"https://geoconnex.us/ref/mainstems/1361404\\\"]\",\"[\\\"https://geoconnex.us/ref/mainstems/1361329\\\"]\",\"[\\\"https://geoconnex.us/ref/mainstems/1398152\\\"]\",\"[\\\"https://geoconnex.us/ref/mainstems/1411420\\\"]\",\"[\\\"https://geoconnex.us/ref/mainstems/1412716\\\",\\\"https://geoconnex.us/ref/mainstems/1412769\\\"]\",\"[\\\"https://geoconnex.us/ref/mainstems/1413415\\\"]\",\"[\\\"https://geoconnex.us/ref/mainstems/147712\\\",\\\"https://geoconnex.us/ref/mainstems/147764\\\"]\",\"[\\\"https://geoconnex.us/ref/mainstems/147712\\\"]\",\"[\\\"https://geoconnex.us/ref/mainstems/147827\\\"]\",\"[\\\"https://geoconnex.us/ref/mainstems/147890\\\"]\",\"[\\\"https://geoconnex.us/ref/mainstems/1479713\\\"]\",\"[\\\"https://geoconnex.us/ref/mainstems/1487545\\\",\\\"https://geoconnex.us/ref/mainstems/1487575\\\"]\",\"[\\\"https://geoconnex.us/ref/mainstems/150117\\\"]\",\"[\\\"https://geoconnex.us/ref/mainstems/1539692\\\"]\",\"[\\\"https://geoconnex.us/ref/mainstems/1543113\\\",\\\"https://geoconnex.us/ref/mainstems/1542941\\\"]\",\"[\\\"https://geoconnex.us/ref/mainstems/1544302\\\",\\\"https://geoconnex.us/ref/mainstems/1544398\\\"]\",\"[\\\"https://geoconnex.us/ref/mainstems/1544302\\\"]\",\"[\\\"https://geoconnex.us/ref/mainstems/1544817\\\"]\",\"[\\\"https://geoconnex.us/ref/mainstems/1553543\\\"]\",\"[\\\"https://geoconnex.us/ref/mainstems/1557457\\\"]\",\"[\\\"https://geoconnex.us/ref/mainstems/155867\\\",\\\"https://geoconnex.us/ref/mainstems/156094\\\"]\",\"[\\\"https://geoconnex.us/ref/mainstems/156094\\\",\\\"https://geoconnex.us/ref/mainstems/156270\\\"]\",\"[\\\"https://geoconnex.us/ref/mainstems/159254\\\",\\\"https://geoconnex.us/ref/mainstems/156094\\\"]\",\"[\\\"https://geoconnex.us/ref/mainstems/1767161\\\"]\",\"[\\\"https://geoconnex.us/ref/mainstems/1770971\\\"]\",\"[\\\"https://geoconnex.us/ref/mainstems/1796235\\\"]\",\"[\\\"https://geoconnex.us/ref/mainstems/1799396\\\"]\",\"[\\\"https://geoconnex.us/ref/mainstems/180039\\\",\\\"https://geoconnex.us/ref/mainstems/180936\\\"]\",\"[\\\"https://geoconnex.us/ref/mainstems/180039\\\"]\",\"[\\\"https://geoconnex.us/ref/mainstems/1815586\\\",\\\"https://geoconnex.us/ref/mainstems/1921673\\\"]\",\"[\\\"https://geoconnex.us/ref/mainstems/1822479\\\"]\",\"[\\\"https://geoconnex.us/ref/mainstems/1853898\\\"]\",\"[\\\"https://geoconnex.us/ref/mainstems/1866307\\\"]\",\"[\\\"https://geoconnex.us/ref/mainstems/1871237\\\"]\",\"[\\\"https://geoconnex.us/ref/mainstems/1872464\\\"]\",\"[\\\"https://geoconnex.us/ref/mainstems/189071\\\"]\",\"[\\\"https://geoconnex.us/ref/mainstems/1961260\\\"]\",\"[\\\"https://geoconnex.us/ref/mainstems/1963898\\\"]\",\"[\\\"https://geoconnex.us/ref/mainstems/198248\\\"]\",\"[\\\"https://geoconnex.us/ref/mainstems/2025657\\\"]\",\"[\\\"https://geoconnex.us/ref/mainstems/2026975\\\"]\",\"[\\\"https://geoconnex.us/ref/mainstems/2027557\\\"]\",\"[\\\"https://geoconnex.us/ref/mainstems/2028663\\\",\\\"https://geoconnex.us/ref/mainstems/2028588\\\"]\",\"[\\\"https://geoconnex.us/ref/mainstems/2028682\\\",\\\"https://geoconnex.us/ref/mainstems/2028803\\\"]\"]},{\"attribute\":\"outlet_2020HUC12\",\"count\":1000,\"type\":\"string\",\"values\":[\"\",\"010100020101\",\"010100020102\",\"010100020103\",\"010100020104\",\"010100020201\",\"010100020202\",\"010100020203\",\"010100020305\",\"010100020307\",\"010100020308\",\"010100020401\",\"010100020404\",\"010100020504\",\"010100020505\",\"010100020602\",\"010100020703\",\"010100020705\",\"010100020708\",\"010100020709\",\"010100020711\",\"010100030101\",\"010100030104\",\"010100030204\",\"010100030205\",\"010100030206\",\"010100030304\",\"010100030308\",\"010100030309\",\"010100030401\",\"010100030402\",\"010100030403\",\"010100040101\",\"010100040103\",\"010100040104\",\"010100040301\",\"010100040305\",\"010100040306\",\"010100040401\",\"010100040402\",\"010100040503\",\"010100040505\",\"010100040506\",\"010100040601\",\"010100040801\",\"010100040804\",\"010100040805\",\"010100040901\",\"010100040903\",\"010100040906\",\"010100041001\",\"010100041004\",\"010100041007\",\"010100041008\",\"010100041101\",\"010100041103\",\"010100041105\",\"010100041106\",\"010100041107\",\"010100041109\",\"010100041110\",\"010100041112\",\"010100041113\",\"010100050101\",\"010100050102\",\"010100050201\",\"010100050202\",\"010100050203\",\"010100050302\",\"010100050305\",\"010100050307\",\"010100060103\",\"010100060106\",\"010100060107\",\"010100060108\",\"010100060109\",\"010100060111\",\"010100060204\",\"010100060207\",\"010100060208\",\"010100060309\",\"010100070102\",\"010100070201\",\"010100070302\",\"010100070305\",\"010100070505\",\"010100070506\",\"010100070601\",\"010100070602\",\"010100070603\",\"010100070703\",\"010100070803\",\"010100070804\",\"010100070904\",\"010100070906\",\"010100070908\",\"010100071001\",\"010100071002\",\"010100080101\",\"010100080403\"]},{\"attribute\":\"outlet_drainagearea_sqkm\",\"count\":1000,\"type\":\"number\",\"values\":[100,100.1,100.2,100.3,100.4,100.5,100.6,100.7,100.8,100.9,1000.1,1000.4,1000.6,1001.5,1001.6,1001.7,1001.9,1002.2,1002.3,1002.4,1003,1003.3,1003.7,1003.8,1003.9,1004,1004.3,1004.4,1004.8,1005.3,1005.6,1005.7,1005.9,1006.3,1006.8,1006.9,1007.5,1007.6,1008.1,1008.3,101,101.1,101.2,101.3,101.4,101.5,101.6,101.7,101.8,101.9,1010.4,1010.6,10107.2,1012.2,1012.7,10125.2,1013.8,1014.1,1014.4,1014.6,1015,1015.6,1016.1,1017.4,1017.9,1018.1,1018.4,1018.9,10189.9,102,102.1,102.2,102.3,102.4,102.5,102.6,102.7,102.8,102.9,1020.7,10219,1022.6,1022.8,1024,1024.6,1024.8,1025.1,1025.5,1025.7,1025.9,10266.8,1027.1,1027.3,1027.7,1028,1028.4,1028.7,1029,1029.2,103],\"min\":29,\"max\":2881160.8},{\"attribute\":\"outlet_nhdpv1_COMID\",\"count\":1000,\"type\":\"number\",\"values\":[10000042,10001214,10001264,10002452,10002748,10003246,10003814,10003834,10003882,10003940,10003944,10004916,10004990,1000799,1000905,10010626,10010628,1001217,1001285,1001403,1001479,10016974,10017636,10018410,10018420,10018596,1002097,1002107,1002141,1002147,10023466,10023882,10023886,10023900,10023906,10023976,10024052,10024108,10024162,10024338,10024362,10024400,10024976,10025082,10025574,10025696,10025714,10025904,10025976,10026024,10026494,10034544,10034546,10034674,10034686,10035330,10035600,10035680,10035974,10036202,10036380,10036450,10036486,10036498,10036588,10036620,10038864,10040784,10040802,10040838,10040960,10040966,10040998,10041026,10041110,10041116,10041138,10041694,10042214,10042354,10054884,10055122,10055148,10055266,10055268,10055308,1005573,10055986,1005601,10057892,1006353,1006403,10064607,10064893,10064927,10064967,10065035,10065051,10065159,10065183],\"min\":927,\"max\":920930002},{\"attribute\":\"outlet_nhdpv2HUC12\",\"count\":1000,\"type\":\"string\",\"values\":[\"\",\"https://geoconnex.us/nhdplusv2/huc12/010100020101\",\"https://geoconnex.us/nhdplusv2/huc12/010100020102\",\"https://geoconnex.us/nhdplusv2/huc12/010100020103\",\"https://geoconnex.us/nhdplusv2/huc12/010100020104\",\"https://geoconnex.us/nhdplusv2/huc12/010100020201\",\"https://geoconnex.us/nhdplusv2/huc12/010100020202\",\"https://geoconnex.us/nhdplusv2/huc12/010100020203\",\"https://geoconnex.us/nhdplusv2/huc12/010100020305\",\"https://geoconnex.us/nhdplusv2/huc12/010100020307\",\"https://geoconnex.us/nhdplusv2/huc12/010100020308\",\"https://geoconnex.us/nhdplusv2/huc12/010100020401\",\"https://geoconnex.us/nhdplusv2/huc12/010100020404\",\"https://geoconnex.us/nhdplusv2/huc12/010100020504\",\"https://geoconnex.us/nhdplusv2/huc12/010100020505\",\"https://geoconnex.us/nhdplusv2/huc12/010100020602\",\"https://geoconnex.us/nhdplusv2/huc12/010100020703\",\"https://geoconnex.us/nhdplusv2/huc12/010100020705\",\"https://geoconnex.us/nhdplusv2/huc12/010100020708\",\"https://geoconnex.us/nhdplusv2/huc12/010100020709\",\"https://geoconnex.us/nhdplusv2/huc12/010100020711\",\"https://geoconnex.us/nhdplusv2/huc12/010100030101\",\"https://geoconnex.us/nhdplusv2/huc12/010100030104\",\"https://geoconnex.us/nhdplusv2/huc12/010100030204\",\"https://geoconnex.us/nhdplusv2/huc12/010100030205\",\"https://geoconnex.us/nhdplusv2/huc12/010100030206\",\"https://geoconnex.us/nhdplusv2/huc12/010100030304\",\"https://geoconnex.us/nhdplusv2/huc12/010100030308\",\"https://geoconnex.us/nhdplusv2/huc12/010100030309\",\"https://geoconnex.us/nhdplusv2/huc12/010100030401\",\"https://geoconnex.us/nhdplusv2/huc12/010100030402\",\"https://geoconnex.us/nhdplusv2/huc12/010100030403\",\"https://geoconnex.us/nhdplusv2/huc12/010100040101\",\"https://geoconnex.us/nhdplusv2/huc12/010100040103\",\"https://geoconnex.us/nhdplusv2/huc12/010100040104\",\"https://geoconnex.us/nhdplusv2/huc12/010100040301\",\"https://geoconnex.us/nhdplusv2/huc12/010100040305\",\"https://geoconnex.us/nhdplusv2/huc12/010100040306\",\"https://geoconnex.us/nhdplusv2/huc12/010100040401\",\"https://geoconnex.us/nhdplusv2/huc12/010100040402\",\"https://geoconnex.us/nhdplusv2/huc12/010100040503\",\"https://geoconnex.us/nhdplusv2/huc12/010100040505\",\"https://geoconnex.us/nhdplusv2/huc12/010100040506\",\"https://geoconnex.us/nhdplusv2/huc12/010100040601\",\"https://geoconnex.us/nhdplusv2/huc12/010100040801\",\"https://geoconnex.us/nhdplusv2/huc12/010100040804\",\"https://geoconnex.us/nhdplusv2/huc12/010100040805\",\"https://geoconnex.us/nhdplusv2/huc12/010100040901\",\"https://geoconnex.us/nhdplusv2/huc12/010100040903\",\"https://geoconnex.us/nhdplusv2/huc12/010100040906\",\"https://geoconnex.us/nhdplusv2/huc12/010100041001\",\"https://geoconnex.us/nhdplusv2/huc12/010100041004\",\"https://geoconnex.us/nhdplusv2/huc12/010100041007\",\"https://geoconnex.us/nhdplusv2/huc12/010100041008\",\"https://geoconnex.us/nhdplusv2/huc12/010100041101\",\"https://geoconnex.us/nhdplusv2/huc12/010100041103\",\"https://geoconnex.us/nhdplusv2/huc12/010100041105\",\"https://geoconnex.us/nhdplusv2/huc12/010100041106\",\"https://geoconnex.us/nhdplusv2/huc12/010100041107\",\"https://geoconnex.us/nhdplusv2/huc12/010100041109\",\"https://geoconnex.us/nhdplusv2/huc12/010100041110\",\"https://geoconnex.us/nhdplusv2/huc12/010100041112\",\"https://geoconnex.us/nhdplusv2/huc12/010100041113\",\"https://geoconnex.us/nhdplusv2/huc12/010100050101\",\"https://geoconnex.us/nhdplusv2/huc12/010100050102\",\"https://geoconnex.us/nhdplusv2/huc12/010100050201\",\"https://geoconnex.us/nhdplusv2/huc12/010100050202\",\"https://geoconnex.us/nhdplusv2/huc12/010100050203\",\"https://geoconnex.us/nhdplusv2/huc12/010100050302\",\"https://geoconnex.us/nhdplusv2/huc12/010100050305\",\"https://geoconnex.us/nhdplusv2/huc12/010100050307\",\"https://geoconnex.us/nhdplusv2/huc12/010100060103\",\"https://geoconnex.us/nhdplusv2/huc12/010100060105\",\"https://geoconnex.us/nhdplusv2/huc12/010100060106\",\"https://geoconnex.us/nhdplusv2/huc12/010100060107\",\"https://geoconnex.us/nhdplusv2/huc12/010100060108\",\"https://geoconnex.us/nhdplusv2/huc12/010100060109\",\"https://geoconnex.us/nhdplusv2/huc12/010100060205\",\"https://geoconnex.us/nhdplusv2/huc12/010100060206\",\"https://geoconnex.us/nhdplusv2/huc12/010100060207\",\"https://geoconnex.us/nhdplusv2/huc12/010100060312\",\"https://geoconnex.us/nhdplusv2/huc12/010100070102\",\"https://geoconnex.us/nhdplusv2/huc12/010100070208\",\"https://geoconnex.us/nhdplusv2/huc12/010100070303\",\"https://geoconnex.us/nhdplusv2/huc12/010100070304\",\"https://geoconnex.us/nhdplusv2/huc12/010100070305\",\"https://geoconnex.us/nhdplusv2/huc12/010100070306\",\"https://geoconnex.us/nhdplusv2/huc12/010100070401\",\"https://geoconnex.us/nhdplusv2/huc12/010100070503\",\"https://geoconnex.us/nhdplusv2/huc12/010100070505\",\"https://geoconnex.us/nhdplusv2/huc12/010100070506\",\"https://geoconnex.us/nhdplusv2/huc12/010100070602\",\"https://geoconnex.us/nhdplusv2/huc12/010100070605\",\"https://geoconnex.us/nhdplusv2/huc12/010100070607\",\"https://geoconnex.us/nhdplusv2/huc12/010100070701\",\"https://geoconnex.us/nhdplusv2/huc12/010100070702\",\"https://geoconnex.us/nhdplusv2/huc12/010100080101\",\"https://geoconnex.us/nhdplusv2/huc12/010100080403\",\"https://geoconnex.us/nhdplusv2/huc12/010100080406\",\"https://geoconnex.us/nhdplusv2/huc12/010100080407\"]},{\"attribute\":\"outlet_nhdpv2_COMID\",\"count\":1000,\"type\":\"string\",\"values\":[\"https://geoconnex.us/nhdplusv2/comid/10000042\",\"https://geoconnex.us/nhdplusv2/comid/10001214\",\"https://geoconnex.us/nhdplusv2/comid/10001264\",\"https://geoconnex.us/nhdplusv2/comid/10002452\",\"https://geoconnex.us/nhdplusv2/comid/10002748\",\"https://geoconnex.us/nhdplusv2/comid/10003246\",\"https://geoconnex.us/nhdplusv2/comid/10003814\",\"https://geoconnex.us/nhdplusv2/comid/10003834\",\"https://geoconnex.us/nhdplusv2/comid/10003882\",\"https://geoconnex.us/nhdplusv2/comid/10003940\",\"https://geoconnex.us/nhdplusv2/comid/10003944\",\"https://geoconnex.us/nhdplusv2/comid/10004916\",\"https://geoconnex.us/nhdplusv2/comid/10004990\",\"https://geoconnex.us/nhdplusv2/comid/1000799\",\"https://geoconnex.us/nhdplusv2/comid/1000905\",\"https://geoconnex.us/nhdplusv2/comid/10010586\",\"https://geoconnex.us/nhdplusv2/comid/10010626\",\"https://geoconnex.us/nhdplusv2/comid/10010628\",\"https://geoconnex.us/nhdplusv2/comid/1001217\",\"https://geoconnex.us/nhdplusv2/comid/1001285\",\"https://geoconnex.us/nhdplusv2/comid/1001403\",\"https://geoconnex.us/nhdplusv2/comid/1001479\",\"https://geoconnex.us/nhdplusv2/comid/10016974\",\"https://geoconnex.us/nhdplusv2/comid/10017636\",\"https://geoconnex.us/nhdplusv2/comid/10018410\",\"https://geoconnex.us/nhdplusv2/comid/10018420\",\"https://geoconnex.us/nhdplusv2/comid/10018596\",\"https://geoconnex.us/nhdplusv2/comid/1002097\",\"https://geoconnex.us/nhdplusv2/comid/1002107\",\"https://geoconnex.us/nhdplusv2/comid/1002141\",\"https://geoconnex.us/nhdplusv2/comid/1002147\",\"https://geoconnex.us/nhdplusv2/comid/10023466\",\"https://geoconnex.us/nhdplusv2/comid/10023882\",\"https://geoconnex.us/nhdplusv2/comid/10023886\",\"https://geoconnex.us/nhdplusv2/comid/10023900\",\"https://geoconnex.us/nhdplusv2/comid/10023906\",\"https://geoconnex.us/nhdplusv2/comid/10023976\",\"https://geoconnex.us/nhdplusv2/comid/10024052\",\"https://geoconnex.us/nhdplusv2/comid/10024108\",\"https://geoconnex.us/nhdplusv2/comid/10024162\",\"https://geoconnex.us/nhdplusv2/comid/10024338\",\"https://geoconnex.us/nhdplusv2/comid/10024362\",\"https://geoconnex.us/nhdplusv2/comid/10024400\",\"https://geoconnex.us/nhdplusv2/comid/10024976\",\"https://geoconnex.us/nhdplusv2/comid/10025082\",\"https://geoconnex.us/nhdplusv2/comid/10025574\",\"https://geoconnex.us/nhdplusv2/comid/10025696\",\"https://geoconnex.us/nhdplusv2/comid/10025714\",\"https://geoconnex.us/nhdplusv2/comid/10025904\",\"https://geoconnex.us/nhdplusv2/comid/10025976\",\"https://geoconnex.us/nhdplusv2/comid/10026024\",\"https://geoconnex.us/nhdplusv2/comid/10026494\",\"https://geoconnex.us/nhdplusv2/comid/10034544\",\"https://geoconnex.us/nhdplusv2/comid/10034546\",\"https://geoconnex.us/nhdplusv2/comid/10034674\",\"https://geoconnex.us/nhdplusv2/comid/10034686\",\"https://geoconnex.us/nhdplusv2/comid/10035330\",\"https://geoconnex.us/nhdplusv2/comid/10035600\",\"https://geoconnex.us/nhdplusv2/comid/10035680\",\"https://geoconnex.us/nhdplusv2/comid/10035974\",\"https://geoconnex.us/nhdplusv2/comid/10036202\",\"https://geoconnex.us/nhdplusv2/comid/10036380\",\"https://geoconnex.us/nhdplusv2/comid/10036450\",\"https://geoconnex.us/nhdplusv2/comid/10036486\",\"https://geoconnex.us/nhdplusv2/comid/10036498\",\"https://geoconnex.us/nhdplusv2/comid/10036588\",\"https://geoconnex.us/nhdplusv2/comid/10036620\",\"https://geoconnex.us/nhdplusv2/comid/10038864\",\"https://geoconnex.us/nhdplusv2/comid/10040784\",\"https://geoconnex.us/nhdplusv2/comid/10040802\",\"https://geoconnex.us/nhdplusv2/comid/10040838\",\"https://geoconnex.us/nhdplusv2/comid/10040960\",\"https://geoconnex.us/nhdplusv2/comid/10040966\",\"https://geoconnex.us/nhdplusv2/comid/10040998\",\"https://geoconnex.us/nhdplusv2/comid/10041026\",\"https://geoconnex.us/nhdplusv2/comid/10041110\",\"https://geoconnex.us/nhdplusv2/comid/10041116\",\"https://geoconnex.us/nhdplusv2/comid/10041138\",\"https://geoconnex.us/nhdplusv2/comid/10041694\",\"https://geoconnex.us/nhdplusv2/comid/10042214\",\"https://geoconnex.us/nhdplusv2/comid/10042354\",\"https://geoconnex.us/nhdplusv2/comid/10054884\",\"https://geoconnex.us/nhdplusv2/comid/10055122\",\"https://geoconnex.us/nhdplusv2/comid/10055148\",\"https://geoconnex.us/nhdplusv2/comid/10055266\",\"https://geoconnex.us/nhdplusv2/comid/10055268\",\"https://geoconnex.us/nhdplusv2/comid/10055308\",\"https://geoconnex.us/nhdplusv2/comid/1005573\",\"https://geoconnex.us/nhdplusv2/comid/10055986\",\"https://geoconnex.us/nhdplusv2/comid/1005601\",\"https://geoconnex.us/nhdplusv2/comid/10057892\",\"https://geoconnex.us/nhdplusv2/comid/1006353\",\"https://geoconnex.us/nhdplusv2/comid/1006403\",\"https://geoconnex.us/nhdplusv2/comid/10064607\",\"https://geoconnex.us/nhdplusv2/comid/10064893\",\"https://geoconnex.us/nhdplusv2/comid/10064927\",\"https://geoconnex.us/nhdplusv2/comid/10064967\",\"https://geoconnex.us/nhdplusv2/comid/10065035\",\"https://geoconnex.us/nhdplusv2/comid/10065051\",\"https://geoconnex.us/nhdplusv2/comid/10065159\"]},{\"attribute\":\"outlet_rf1ID\",\"count\":1000,\"type\":\"number\",\"values\":[1,10004,10007,1001,10010,10011,10012,10013,10015,10018,1002,10025,10034,10036,10038,10039,10040,10043,10045,1005,10056,10057,1006,10060,1007,10078,10079,1008,10081,10083,10084,10086,1009,10095,10096,101,10111,10113,10115,10116,1012,10131,10132,10133,10134,10135,10139,10148,1015,10150,10153,10167,10170,10171,10172,10174,10176,10177,10178,1018,10182,10212,10216,1022,1023,10238,10240,1025,10250,10252,10259,10260,10262,10263,10266,10270,10271,10273,10274,10276,10291,10292,10295,1030,10300,10302,10304,1031,10310,10311,10312,10313,10315,10317,10318,10319,10320,10321,10325,10328],\"min\":1,\"max\":62683},{\"attribute\":\"superseded\",\"count\":2,\"type\":\"boolean\",\"values\":[false,true]},{\"attribute\":\"uri\",\"count\":1000,\"type\":\"string\",\"values\":[\"https://geoconnex.us/ref/mainstems/1\",\"https://geoconnex.us/ref/mainstems/1003428\",\"https://geoconnex.us/ref/mainstems/10035\",\"https://geoconnex.us/ref/mainstems/1004258\",\"https://geoconnex.us/ref/mainstems/1004547\",\"https://geoconnex.us/ref/mainstems/1004562\",\"https://geoconnex.us/ref/mainstems/1004761\",\"https://geoconnex.us/ref/mainstems/1009561\",\"https://geoconnex.us/ref/mainstems/1010417\",\"https://geoconnex.us/ref/mainstems/1011870\",\"https://geoconnex.us/ref/mainstems/1011892\",\"https://geoconnex.us/ref/mainstems/10132\",\"https://geoconnex.us/ref/mainstems/10135\",\"https://geoconnex.us/ref/mainstems/101400\",\"https://geoconnex.us/ref/mainstems/101495\",\"https://geoconnex.us/ref/mainstems/101569\",\"https://geoconnex.us/ref/mainstems/10202\",\"https://geoconnex.us/ref/mainstems/102451\",\"https://geoconnex.us/ref/mainstems/102572\",\"https://geoconnex.us/ref/mainstems/1025737\",\"https://geoconnex.us/ref/mainstems/1028449\",\"https://geoconnex.us/ref/mainstems/1028702\",\"https://geoconnex.us/ref/mainstems/103354\",\"https://geoconnex.us/ref/mainstems/1034989\",\"https://geoconnex.us/ref/mainstems/1035285\",\"https://geoconnex.us/ref/mainstems/103532\",\"https://geoconnex.us/ref/mainstems/103626\",\"https://geoconnex.us/ref/mainstems/1036497\",\"https://geoconnex.us/ref/mainstems/103697\",\"https://geoconnex.us/ref/mainstems/1038157\",\"https://geoconnex.us/ref/mainstems/103831\",\"https://geoconnex.us/ref/mainstems/1038671\",\"https://geoconnex.us/ref/mainstems/103904\",\"https://geoconnex.us/ref/mainstems/103922\",\"https://geoconnex.us/ref/mainstems/104038\",\"https://geoconnex.us/ref/mainstems/104049\",\"https://geoconnex.us/ref/mainstems/104354\",\"https://geoconnex.us/ref/mainstems/104442\",\"https://geoconnex.us/ref/mainstems/105254\",\"https://geoconnex.us/ref/mainstems/105257\",\"https://geoconnex.us/ref/mainstems/1060256\",\"https://geoconnex.us/ref/mainstems/1060327\",\"https://geoconnex.us/ref/mainstems/1060393\",\"https://geoconnex.us/ref/mainstems/1062521\",\"https://geoconnex.us/ref/mainstems/1066692\",\"https://geoconnex.us/ref/mainstems/1070712\",\"https://geoconnex.us/ref/mainstems/1071060\",\"https://geoconnex.us/ref/mainstems/1074079\",\"https://geoconnex.us/ref/mainstems/107830\",\"https://geoconnex.us/ref/mainstems/1087854\",\"https://geoconnex.us/ref/mainstems/1106280\",\"https://geoconnex.us/ref/mainstems/1124608\",\"https://geoconnex.us/ref/mainstems/1128642\",\"https://geoconnex.us/ref/mainstems/1129547\",\"https://geoconnex.us/ref/mainstems/1130317\",\"https://geoconnex.us/ref/mainstems/1130318\",\"https://geoconnex.us/ref/mainstems/1130903\",\"https://geoconnex.us/ref/mainstems/1134724\",\"https://geoconnex.us/ref/mainstems/1135224\",\"https://geoconnex.us/ref/mainstems/1136217\",\"https://geoconnex.us/ref/mainstems/1136389\",\"https://geoconnex.us/ref/mainstems/1136894\",\"https://geoconnex.us/ref/mainstems/1142469\",\"https://geoconnex.us/ref/mainstems/1142533\",\"https://geoconnex.us/ref/mainstems/1142631\",\"https://geoconnex.us/ref/mainstems/1142820\",\"https://geoconnex.us/ref/mainstems/1142834\",\"https://geoconnex.us/ref/mainstems/115429\",\"https://geoconnex.us/ref/mainstems/116059\",\"https://geoconnex.us/ref/mainstems/11639\",\"https://geoconnex.us/ref/mainstems/116779\",\"https://geoconnex.us/ref/mainstems/1172469\",\"https://geoconnex.us/ref/mainstems/117257\",\"https://geoconnex.us/ref/mainstems/1175291\",\"https://geoconnex.us/ref/mainstems/1178178\",\"https://geoconnex.us/ref/mainstems/1189299\",\"https://geoconnex.us/ref/mainstems/119077\",\"https://geoconnex.us/ref/mainstems/119150\",\"https://geoconnex.us/ref/mainstems/1192270\",\"https://geoconnex.us/ref/mainstems/119421\",\"https://geoconnex.us/ref/mainstems/119530\",\"https://geoconnex.us/ref/mainstems/119540\",\"https://geoconnex.us/ref/mainstems/1201039\",\"https://geoconnex.us/ref/mainstems/1201052\",\"https://geoconnex.us/ref/mainstems/1201286\",\"https://geoconnex.us/ref/mainstems/1203845\",\"https://geoconnex.us/ref/mainstems/1211223\",\"https://geoconnex.us/ref/mainstems/1212\",\"https://geoconnex.us/ref/mainstems/1212103\",\"https://geoconnex.us/ref/mainstems/1216324\",\"https://geoconnex.us/ref/mainstems/1216616\",\"https://geoconnex.us/ref/mainstems/1221353\",\"https://geoconnex.us/ref/mainstems/1221638\",\"https://geoconnex.us/ref/mainstems/1222769\",\"https://geoconnex.us/ref/mainstems/122300\",\"https://geoconnex.us/ref/mainstems/1225500\",\"https://geoconnex.us/ref/mainstems/1225834\",\"https://geoconnex.us/ref/mainstems/1227906\",\"https://geoconnex.us/ref/mainstems/1235\",\"https://geoconnex.us/ref/mainstems/1237050\"]}]}]}}"
}